{
    "accuracy": 0.5310843373493976,
    "precision": 0.5583333333333333,
    "recall": 0.1980295566502463,
    "auc": 0.532441212008551
}