{
    "accuracy": 0.5306024096385542,
    "precision": 0.556786703601108,
    "recall": 0.1980295566502463,
    "auc": 0.5317292499302908
}